[{"imdb_id": 0}, {"adult": false, "backdrop_path": "/vMFs7nw6P0bIV1jDsQpxAieAVnH.jpg", "belongs_to_collection": null, "budget": 10000000, "genres": [{"id": 35, "name": "Comedy"}, {"id": 10402, "name": "Music"}, {"id": 10749, "name": "Romance"}], "homepage": "", "id": 62127, "imdb_id": "tt0113026", "original_language": "en", "original_title": "The Fantasticks", "overview": "Two rural teens sing and dance their way through a forbidden romance and a dangerous travelling carnival.", "popularity": 3.049, "poster_path": "/hfO64mXz3DgUxkBVU7no2UWRP7x.jpg", "production_companies": [{"id": 51207, "logo_path": null, "name": "Sullivan Street Productions", "origin_country": ""}, {"id": 51208, "logo_path": null, "name": "Michael Ritchie Productions", "origin_country": ""}, {"id": 51209, "logo_path": null, "name": "Radmin Company, The", "origin_country": ""}, {"id": 60, "logo_path": "/1SEj4nyG3JPBSKBbFhtdcHRaIF9.png", "name": "United Artists", "origin_country": "US"}], "production_countries": [{"iso_3166_1": "US", "name": "United States of America"}], "release_date": "2000-09-22", "revenue": 0, "runtime": 86, "spoken_languages": [{"english_name": "English", "iso_639_1": "en", "name": "English"}], "status": "Released", "tagline": "Try to remember the first time magic happened", "title": "The Fantasticks", "video": false, "vote_average": 5.5, "vote_count": 22, "certification": ""}, {"adult": false, "backdrop_path": null, "belongs_to_collection": null, "budget": 0, "genres": [{"id": 878, "name": "Science Fiction"}], "homepage": "", "id": 110977, "imdb_id": "tt0113092", "original_language": "en", "original_title": "For the Cause", "overview": "Earth is in a state of constant war and two colonies of humans have been sent to a far away world. The colonists create a new civilization but have inherited the worst traits of their forebears and war breaks out leaving the new cities in ruins. It falls to a bunch of teens to bring peace to the colony - but will they?", "popularity": 2.827, "poster_path": "/h9bWO13nWRGZJo4XVPiElXyrRMU.jpg", "production_companies": [{"id": 7405, "logo_path": "/rfnws0uY8rsNAsrLbx3gEIcYXx3.png", "name": "Dimension Films", "origin_country": "US"}, {"id": 12816, "logo_path": null, "name": "Grand Design Entertainment", "origin_country": ""}, {"id": 9077, "logo_path": null, "name": "Martien Holdings A.V.V.", "origin_country": ""}, {"id": 925, "logo_path": "/dIb9hjXNOkgxu4kBWdIdK8nM4w.png", "name": "Nu Image", "origin_country": "US"}], "production_countries": [{"iso_3166_1": "US", "name": "United States of America"}], "release_date": "2000-11-15", "revenue": 0, "runtime": 100, "spoken_languages": [{"english_name": "English", "iso_639_1": "en", "name": "English"}], "status": "Released", "tagline": "The ultimate showdown on a forbidden planet.", "title": "For the Cause", "video": false, "vote_average": 5.1, "vote_count": 8, "certification": ""}, {"adult": false, "backdrop_path": null, "belongs_to_collection": null, "budget": 0, "genres": [{"id": 18, "name": "Drama"}, {"id": 28, "name": "Action"}, {"id": 80, "name": "Crime"}], "homepage": "", "id": 442869, "imdb_id": "tt0116391", "original_language": "hi", "original_title": "Gang", "overview": "After falling prey to underworld, four friends jeopardise their personal lives with point of no return.", "popularity": 1.124, "poster_path": "/yB5wRu4uyXXwZA3PEj8cITu0xt3.jpg", "production_companies": [], "production_countries": [{"iso_3166_1": "IN", "name": "India"}], "release_date": "2000-04-14", "revenue": 0, "runtime": 152, "spoken_languages": [{"english_name": "Hindi", "iso_639_1": "hi", "name": "\u0939\u093f\u0928\u094d\u0926\u0940"}], "status": "Released", "tagline": "", "title": "Gang", "video": false, "vote_average": 4.0, "vote_count": 1}, {"adult": false, "backdrop_path": "/n4GJFGzsc7NinI1VeGDXIcQjtU2.jpg", "belongs_to_collection": null, "budget": 150000, "genres": [{"id": 18, "name": "Drama"}, {"id": 10749, "name": "Romance"}], "homepage": "", "id": 843, "imdb_id": "tt0118694", "original_language": "cn", "original_title": "\u82b1\u6a23\u5e74\u83ef", "overview": "Two neighbors become intimate after discovering that their spouses are having an affair with one another.", "popularity": 21.108, "poster_path": "/iYypPT4bhqXfq1b6EnmxvRt6b2Y.jpg", "production_companies": [{"id": 539, "logo_path": "/iPLtePguIzOPNtAWfTxWLXb2O11.png", "name": "Block 2 Pictures", "origin_country": "HK"}, {"id": 148854, "logo_path": null, "name": "Orly Films", "origin_country": ""}, {"id": 26492, "logo_path": null, "name": "Jet Tone Films", "origin_country": "HK"}, {"id": 255, "logo_path": null, "name": "Paradis Films", "origin_country": "FR"}, {"id": 1615, "logo_path": null, "name": "Fortissimo Films", "origin_country": "NL"}], "production_countries": [{"iso_3166_1": "FR", "name": "France"}, {"iso_3166_1": "HK", "name": "Hong Kong"}, {"iso_3166_1": "NL", "name": "Netherlands"}], "release_date": "2000-09-29", "revenue": 12854953, "runtime": 99, "spoken_languages": [{"english_name": "Cantonese", "iso_639_1": "cn", "name": "\u5e7f\u5dde\u8bdd / \u5ee3\u5dde\u8a71"}, {"english_name": "French", "iso_639_1": "fr", "name": "Fran\u00e7ais"}, {"english_name": "Spanish", "iso_639_1": "es", "name": "Espa\u00f1ol"}], "status": "Released", "tagline": "Feel the heat, keep the feeling burning, let the sensation explode.", "title": "In the Mood for Love", "video": false, "vote_average": 8.114, "vote_count": 2191, "certification": "PG"}, {"adult": false, "backdrop_path": "/vceiGZ3uavAEHlTA7v0GjQsGVKe.jpg", "belongs_to_collection": null, "budget": 0, "genres": [{"id": 18, "name": "Drama"}], "homepage": "", "id": 49511, "imdb_id": "tt0118852", "original_language": "en", "original_title": "Chinese Coffee", "overview": "When Harry Levine, an aging, unsuccessful Greenwich Village writer is fired from his job as restaurant doorman, he calls on friend and mentor Jake, ostensibly to collect a long-standing debt.", "popularity": 3.788, "poster_path": "/nZGWnSuf1FIuzyEuMRZHHZWViAp.jpg", "production_companies": [{"id": 67930, "logo_path": null, "name": "Chal Productions", "origin_country": ""}, {"id": 1596, "logo_path": null, "name": "Shooting Gallery", "origin_country": ""}], "production_countries": [{"iso_3166_1": "US", "name": "United States of America"}], "release_date": "2000-09-02", "revenue": 0, "runtime": 99, "spoken_languages": [{"english_name": "English", "iso_639_1": "en", "name": "English"}], "status": "Released", "tagline": "There's a fine line between friendship and betrayal.", "title": "Chinese Coffee", "video": false, "vote_average": 6.8, "vote_count": 49, "certification": "R"}, {"adult": false, "backdrop_path": "/f5C03doOWiauu37bToKXtpgP5bS.jpg", "belongs_to_collection": {"id": 141086, "name": "Heavy Metal Collection", "poster_path": "/tgPpYcsjSo1DK0wublqYItYDwSW.jpg", "backdrop_path": "/iao9hIahX41T1Lxpa5h62J28rQF.jpg"}, "budget": 15000000, "genres": [{"id": 28, "name": "Action"}, {"id": 12, "name": "Adventure"}, {"id": 16, "name": "Animation"}, {"id": 14, "name": "Fantasy"}, {"id": 878, "name": "Science Fiction"}], "homepage": "", "id": 16225, "imdb_id": "tt0119273", "original_language": "en", "original_title": "Heavy Metal 2000", "overview": "Upon discovery of a shard of what could be the Loc-Nar, a miner named Tyler becomes possessed with an insatiable hunger for power and a thirst for immortality. On his way to the planet of youth, Tyler wipes out most of a space colony and kidnaps a beautiful young woman. His only mistake is that he doesn't kill her sister, Julie, who then sets out on a mission of rescue and revenge.", "popularity": 13.472, "poster_path": "/mzOgKYOXiuwE5DIfagFs34bOb3J.jpg", "production_companies": [{"id": 2216, "logo_path": null, "name": "Helkon Media", "origin_country": "DE"}, {"id": 91006, "logo_path": null, "name": "Das Werk Productions", "origin_country": ""}, {"id": 5, "logo_path": "/71BqEFAF4V3qjjMPCpLuyJFB9A.png", "name": "Columbia Pictures", "origin_country": "US"}, {"id": 4172, "logo_path": "/vb2gE5Ao9wIfj3XlY8CwwwbnAlh.png", "name": "Cin\u00e9Groupe", "origin_country": "CA"}], "production_countries": [{"iso_3166_1": "CA", "name": "Canada"}, {"iso_3166_1": "DE", "name": "Germany"}], "release_date": "2000-04-19", "revenue": 0, "runtime": 88, "spoken_languages": [{"english_name": "English", "iso_639_1": "en", "name": "English"}], "status": "Released", "tagline": "not to survive the fight in the external world without inner strength", "title": "Heavy Metal 2000", "video": false, "vote_average": 6.092, "vote_count": 180, "certification": "R"}, {"adult": false, "backdrop_path": null, "belongs_to_collection": null, "budget": 0, "genres": [{"id": 35, "name": "Comedy"}, {"id": 10749, "name": "Romance"}], "homepage": "", "id": 51181, "imdb_id": "tt0119495", "original_language": "en", "original_title": "Love 101", "overview": "Study hard.", "popularity": 1.091, "poster_path": "/42dUuv3lVaJe7wubwJhorWul3HI.jpg", "production_companies": [], "production_countries": [], "release_date": "2000-08-24", "revenue": 0, "runtime": 86, "spoken_languages": [], "status": "Released", "tagline": "", "title": "Love 101", "video": false, "vote_average": 0.0, "vote_count": 0, "certification": "R"}, {"adult": false, "backdrop_path": null, "belongs_to_collection": null, "budget": 0, "genres": [{"id": 35, "name": "Comedy"}, {"id": 10749, "name": "Romance"}], "homepage": "", "id": 85920, "imdb_id": "tt0119806", "original_language": "en", "original_title": "Nothing Sacred", "overview": "Three longtime pals live in San Francisco: Darin is married to Natalie, but their family life is too still and Darin is not happy about it, Matt is ladies' magnet but tired of it, trying to get something stable from his relationships, and goofy Kevin doesn't have any success with women at all. Darin starts an affair with his friend's wife Maxine and Matt falls deeply in love with a woman he has seen once.", "popularity": 0.841, "poster_path": "/zunFOl8mNIICL4I9A0gvgOcxVhE.jpg", "production_companies": [], "production_countries": [], "release_date": "2000-11-09", "revenue": 0, "runtime": 98, "spoken_languages": [], "status": "Released", "tagline": "", "title": "Nothing Sacred", "video": false, "vote_average": 0.0, "vote_count": 0}, {"adult": false, "backdrop_path": "/tuerGhZ1lA8wpBjUCEUpeTWDT5B.jpg", "belongs_to_collection": null, "budget": 0, "genres": [{"id": 35, "name": "Comedy"}, {"id": 18, "name": "Drama"}], "homepage": "http://www.newline.com/properties/stateandmain.html", "id": 21991, "imdb_id": "tt0120202", "original_language": "en", "original_title": "State and Main", "overview": "A movie crew invades a small town whose residents are all too ready to give up their values for showbiz glitz.", "popularity": 7.234, "poster_path": "/348hvpWeSGdAQlCrGvKbpC0FpQN.jpg", "production_companies": [{"id": 8, "logo_path": "/78ilmDNTpdCfsakrsLqmAUkFTrO.png", "name": "Fine Line Features", "origin_country": ""}, {"id": 21760, "logo_path": null, "name": "Filmtown Entertainment Group", "origin_country": ""}, {"id": 23034, "logo_path": null, "name": "El Dorado Pictures", "origin_country": "US"}, {"id": 53672, "logo_path": null, "name": "Green/Renzi", "origin_country": ""}], "production_countries": [{"iso_3166_1": "FR", "name": "France"}, {"iso_3166_1": "US", "name": "United States of America"}], "release_date": "2000-08-26", "revenue": 0, "runtime": 102, "spoken_languages": [{"english_name": "Italian", "iso_639_1": "it", "name": "Italiano"}, {"english_name": "English", "iso_639_1": "en", "name": "English"}], "status": "Released", "tagline": "Big movie. Small town. Huge trouble.", "title": "State and Main", "video": false, "vote_average": 6.4, "vote_count": 177, "certification": ""}, {"adult": false, "backdrop_path": "/ynXVuylP8upazjz8lrqb1PEMkdR.jpg", "belongs_to_collection": null, "budget": 0, "genres": [{"id": 18, "name": "Drama"}, {"id": 35, "name": "Comedy"}], "homepage": "", "id": 34070, "imdb_id": "tt0120263", "original_language": "sv", "original_title": "S\u00e5nger fr\u00e5n andra v\u00e5ningen", "overview": "A film poem inspired by the Peruvian poet C\u00e9sar Vallejo. A story about our need for love, our confusion, greatness and smallness and, most of all, our vulnerability. It is a story with many characters, among them a father and his mistress, his youngest son and his girlfriend. It is a film about big lies, abandonment and the eternal longing for companionship and confirmation.", "popularity": 7.293, "poster_path": "/heW06kNneH6nL59h4ZoaODYXFmY.jpg", "production_companies": [{"id": 157, "logo_path": "/s537keIoi6wUOU8E9ztWaV2DY1H.png", "name": "SVT Drama", "origin_country": "SE"}, {"id": 5402, "logo_path": "/iYQ3d8XgHgmvvuphqIr7amSDqwH.png", "name": "Easy Film", "origin_country": "DK"}, {"id": 5403, "logo_path": "/fAz2WhTpoMxutBA92JqlfeHEGuz.png", "name": "Nordisk Film & TV Fond", "origin_country": "NO"}, {"id": 5405, "logo_path": null, "name": "Roy Andersson Filmproduktion AB", "origin_country": ""}], "production_countries": [{"iso_3166_1": "SE", "name": "Sweden"}, {"iso_3166_1": "DK", "name": "Denmark"}, {"iso_3166_1": "NO", "name": "Norway"}], "release_date": "2000-10-06", "revenue": 80334, "runtime": 98, "spoken_languages": [{"english_name": "Russian", "iso_639_1": "ru", "name": "P\u0443\u0441\u0441\u043a\u0438\u0439"}, {"english_name": "Swedish", "iso_639_1": "sv", "name": "svenska"}], "status": "Released", "tagline": "", "title": "Songs from the Second Floor", "video": false, "vote_average": 7.166, "vote_count": 238, "certification": ""}, {"adult": false, "backdrop_path": "/knok3mNReKqPTplnnqz7E4dd7mD.jpg", "belongs_to_collection": null, "budget": 120000, "genres": [{"id": 18, "name": "Drama"}, {"id": 27, "name": "Horror"}, {"id": 53, "name": "Thriller"}, {"id": 80, "name": "Crime"}], "homepage": "", "id": 19085, "imdb_id": "tt0120467", "original_language": "en", "original_title": "Vulgar", "overview": "Vulgar is about a man who is a children's clown but has not been getting much luck lately. He lives in a cheap apartment which he can't even afford. Bums are constantly sleeping in his run down car and crashing on his lawn. He has a nagging mother who lives in a nursing home, and his best friend is a moocher. One day he comes up with the idea to become a bachelor clown.", "popularity": 4.358, "poster_path": "/aLdezroGbHDP0w0jOLwxXjgrgma.jpg", "production_companies": [{"id": 102045, "logo_path": null, "name": "Chango Productions", "origin_country": ""}, {"id": 102046, "logo_path": null, "name": "Shongo Filmworks Ltd.", "origin_country": ""}, {"id": 16934, "logo_path": "/we7afRGM67vr7oMSBYh4xZ9yNWC.png", "name": "View Askew Productions", "origin_country": "US"}], "production_countries": [{"iso_3166_1": "US", "name": "United States of America"}], "release_date": "2002-04-26", "revenue": 14904, "runtime": 87, "spoken_languages": [{"english_name": "English", "iso_639_1": "en", "name": "English"}], "status": "Released", "tagline": "Everyone loves a clown... some more than others.", "title": "Vulgar", "video": false, "vote_average": 5.5, "vote_count": 44, "certification": "R"}, {"adult": false, "backdrop_path": "/6xz9H7IMK3W21SNwAVmE9oW6YjX.jpg", "belongs_to_collection": null, "budget": 6105121, "genres": [{"id": 18, "name": "Drama"}, {"id": 36, "name": "History"}], "homepage": "", "id": 54380, "imdb_id": "tt0120626", "original_language": "pt", "original_title": "Capit\u00e3es de Abril", "overview": "Story of the 1974 coup that overthrew the right-wing Portuguese dictatorship--which continued the fascist policies of long-time dictator Antonio Salazar--and of two young army captains who were involved in it.", "popularity": 3.94, "poster_path": "/rjWTWWt6nWNg0IqxiY2N5EANRLm.jpg", "production_companies": [{"id": 1244, "logo_path": null, "name": "Alia Films", "origin_country": "FR"}, {"id": 83, "logo_path": "/9OQ0rm55xtlgX7KcAKMUePJSrQc.png", "name": "France 2 Cin\u00e9ma", "origin_country": "FR"}, {"id": 3883, "logo_path": null, "name": "JBA Production", "origin_country": "FR"}, {"id": 94, "logo_path": "/huC7HqorvUThGIrENrbcHmQVUA0.png", "name": "ARTE France Cin\u00e9ma", "origin_country": "FR"}, {"id": 16389, "logo_path": null, "name": "FMB Films", "origin_country": ""}, {"id": 113162, "logo_path": null, "name": "Mutante Filmes", "origin_country": "PT"}, {"id": 8492, "logo_path": "/wYhNCpXIThYDXevad6n90vsMXZ2.png", "name": "RTP", "origin_country": "PT"}, {"id": 6849, "logo_path": "/AjdOGHRLAhWbP1aAga85A9EOfD2.png", "name": "SFP", "origin_country": "FR"}, {"id": 981, "logo_path": "/pkrdO9ykplO4Zc8edikoSX5APUN.png", "name": "TVE", "origin_country": "ES"}], "production_countries": [{"iso_3166_1": "PT", "name": "Portugal"}, {"iso_3166_1": "ES", "name": "Spain"}, {"iso_3166_1": "IT", "name": "Italy"}, {"iso_3166_1": "FR", "name": "France"}], "release_date": "2000-04-21", "revenue": 0, "runtime": 123, "spoken_languages": [{"english_name": "Portuguese", "iso_639_1": "pt", "name": "Portugu\u00eas"}], "status": "Released", "tagline": "", "title": "Captains of April", "video": false, "vote_average": 6.4, "vote_count": 52}, {"adult": false, "backdrop_path": "/sivJXJ8JvVVSRaaBnHgzOboNBRQ.jpg", "belongs_to_collection": {"id": 718551, "name": "Chicken Run Collection", "poster_path": "/sLD3mTo4Fck1UxbJWLrjaTnwwFl.jpg", "backdrop_path": "/3ruzhPlPlfnDY4aX7Hx9o5auyJd.jpg"}, "budget": 45000000, "genres": [{"id": 16, "name": "Animation"}, {"id": 35, "name": "Comedy"}, {"id": 10751, "name": "Family"}], "homepage": "", "id": 7443, "imdb_id": "tt0120630", "original_language": "en", "original_title": "Chicken Run", "overview": "The creators of Wallace & Gromit bring you an exciting and original story about a group of chickens determined to fly the coop\u2013even if they can\u2019t fly! It\u2019s hardly poultry in motion when Rocky (Mel Gibson) attempts to teach Ginger and her feathered friends to fly\u2026but, with teamwork, determination and a little bit o\u2019 cluck, the fearless flock plots one last attempt in a spectacular bid for freedom.", "popularity": 39.121, "poster_path": "/oYbVT9e0k2ZSrRhDSCw2Yqshe1n.jpg", "production_companies": [{"id": 521, "logo_path": "/kP7t6RwGz2AvvTkvnI1uteEwHet.png", "name": "DreamWorks Animation", "origin_country": "US"}, {"id": 297, "logo_path": "/58TnhYZqbMYgkHM6lg7dJoYJ4RH.png", "name": "Aardman", "origin_country": "GB"}, {"id": 7981, "logo_path": "/6Yv1gIAuGkHS5Vis4UjnqHhCPWV.png", "name": "Path\u00e9", "origin_country": "FR"}, {"id": 7, "logo_path": "/vru2SssLX3FPhnKZGtYw00pVIS9.png", "name": "DreamWorks Pictures", "origin_country": "US"}], "production_countries": [{"iso_3166_1": "GB", "name": "United Kingdom"}, {"iso_3166_1": "US", "name": "United States of America"}, {"iso_3166_1": "FR", "name": "France"}], "release_date": "2000-06-23", "revenue": 224834564, "runtime": 84, "spoken_languages": [{"english_name": "English", "iso_639_1": "en", "name": "English"}], "status": "Released", "tagline": "This ain't no chick flick. It's poultry in motion.", "title": "Chicken Run", "video": false, "vote_average": 6.741, "vote_count": 4349, "certification": "G"}, {"adult": false, "backdrop_path": null, "belongs_to_collection": null, "budget": 0, "genres": [{"id": 18, "name": "Drama"}, {"id": 53, "name": "Thriller"}], "homepage": "", "id": 272452, "imdb_id": "tt0120698", "original_language": "en", "original_title": "The Highwayman", "overview": "Road trips have never been this killer! Jason Priestley stars as Breakfast, a psychotic jewelry store thief whose grip on reality is frighteningly precarious. With his accomplice Panda, the duo make off with a carload of cash, a result of a tip-off from beautiful cashier Ziggy. Her reward: to hitch a ride with the out-of-control duo so that she can meet her long-lost father Francis. But Breakfast is on a suicidal quest to even a score with his former boss and has the cops hot on his trail. Rage, murder and revenge are about to collide!", "popularity": 1.491, "poster_path": "/8L5ndBKXg8xKv6z3iZpVHNZbBlv.jpg", "production_companies": [], "production_countries": [{"iso_3166_1": "US", "name": "United States of America"}, {"iso_3166_1": "CA", "name": "Canada"}], "release_date": "2000-01-01", "revenue": 0, "runtime": 94, "spoken_languages": [{"english_name": "English", "iso_639_1": "en", "name": "English"}], "status": "Released", "tagline": "Vengeance rides in the fast lane.", "title": "The Highwayman", "video": false, "vote_average": 6.0, "vote_count": 1, "certification": ""}, {"adult": false, "backdrop_path": null, "belongs_to_collection": null, "budget": 0, "genres": [{"id": 16, "name": "Animation"}, {"id": 10751, "name": "Family"}], "homepage": "", "id": 146499, "imdb_id": "tt0120733", "original_language": "en", "original_title": "Lion of Oz", "overview": "Before Dorothy landed on the Wicked Witch of the East with her little farm house, the witch had to contend with another resident of middle America. The Lion, who was once part of the Omaha Circus, comes to Oz with the Wizard and starts on an adventure to stop the witch from obtaining the Flower of Oz. As new friends and strange characters look to him for his courage, Lion could loose exactly what it is that makes him so brave. Based upon the book by Roger S. Baum (Great-Grandson of Oz L. Frank Baum, the original author of the Oz books). Written by Max Vaughn", "popularity": 3.178, "poster_path": "/utXFBWyo4i4LaEZKblOG9viZx5N.jpg", "production_companies": [{"id": 4172, "logo_path": "/vb2gE5Ao9wIfj3XlY8CwwwbnAlh.png", "name": "Cin\u00e9Groupe", "origin_country": "CA"}], "production_countries": [{"iso_3166_1": "US", "name": "United States of America"}], "release_date": "2000-09-26", "revenue": 0, "runtime": 74, "spoken_languages": [{"english_name": "English", "iso_639_1": "en", "name": "English"}], "status": "Released", "tagline": "A circus lion finds himself in a magical land where he becomes the leader of a journey to stop the Wicked Witch of the East, a task which may lead him to loose a part of himself.", "title": "Lion of Oz", "video": false, "vote_average": 5.6, "vote_count": 9, "certification": "NR"}, {"adult": false, "backdrop_path": "/3vUkQpnwbsFEQlMh9EORpvKJfpo.jpg", "belongs_to_collection": null, "budget": 8000000, "genres": [{"id": 18, "name": "Drama"}, {"id": 53, "name": "Thriller"}], "homepage": "", "id": 318, "imdb_id": "tt0120753", "original_language": "en", "original_title": "The Million Dollar Hotel", "overview": "The Million Dollar Hotel starts with a jump from a roof top that clears up a death in a hotel that was burning to the ground where a lot of strange people had been living.", "popularity": 10.612, "poster_path": "/iGRyPsZF0lfIL3IadmBdoAsYzyn.jpg", "production_companies": [{"id": 1490, "logo_path": null, "name": "Kintop Pictures", "origin_country": "US"}, {"id": 36229, "logo_path": null, "name": "Wim Wenders Stiftung", "origin_country": "DE"}, {"id": 45, "logo_path": "/tUkNOAjyTt9D56DUeQfmmAFvwYQ.png", "name": "Road Movies", "origin_country": "DE"}, {"id": 4564, "logo_path": null, "name": "Icon Entertainment International", "origin_country": "GB"}], "production_countries": [{"iso_3166_1": "DE", "name": "Germany"}, {"iso_3166_1": "GB", "name": "United Kingdom"}, {"iso_3166_1": "US", "name": "United States of America"}], "release_date": "2000-02-09", "revenue": 105983, "runtime": 122, "spoken_languages": [{"english_name": "English", "iso_639_1": "en", "name": "English"}], "status": "Released", "tagline": "Everyone has something to hide.", "title": "The Million Dollar Hotel", "video": false, "vote_average": 5.9, "vote_count": 280, "certification": "R"}, {"adult": false, "backdrop_path": "/24DZfupDlhXeTchmcOkoGRhP5Vg.jpg", "belongs_to_collection": {"id": 87359, "name": "Mission: Impossible Collection", "poster_path": "/geEjCGfdmRAA1skBPwojcdvnZ8A.jpg", "backdrop_path": "/jYl0UuJFcmhymv9ZNO14lPLDY1Z.jpg"}, "budget": 125000000, "genres": [{"id": 12, "name": "Adventure"}, {"id": 28, "name": "Action"}, {"id": 53, "name": "Thriller"}], "homepage": "", "id": 955, "imdb_id": "tt0120755", "original_language": "en", "original_title": "Mission: Impossible II", "overview": "With computer genius Luther Stickell at his side and a beautiful thief on his mind, agent Ethan Hunt races across Australia and Spain to stop a former IMF agent from unleashing a genetically engineered biological weapon called Chimera. This mission, should Hunt choose to accept it, plunges him into the center of an international crisis of terrifying magnitude.", "popularity": 31.456, "poster_path": "/1VMWLpk9VXyYcEZ8w3uUhp0OF1v.jpg", "production_companies": [{"id": 4, "logo_path": "/gz66EfNoYPqHTYI4q9UEN4CbHRc.png", "name": "Paramount", "origin_country": "US"}, {"id": 44, "logo_path": null, "name": "Cruise/Wagner Productions", "origin_country": "US"}], "production_countries": [{"iso_3166_1": "US", "name": "United States of America"}], "release_date": "2000-05-24", "revenue": 546388105, "runtime": 123, "spoken_languages": [{"english_name": "English", "iso_639_1": "en", "name": "English"}], "status": "Released", "tagline": "Expect the impossible again.", "title": "Mission: Impossible II", "video": false, "vote_average": 6.112, "vote_count": 5764, "certification": "PG-13"}, {"adult": false, "backdrop_path": "/yGxMIIDSUvaXUjjJuIYZi40Jt3J.jpg", "belongs_to_collection": {"id": 748, "name": "X-Men Collection", "poster_path": "/31rqs6ZxFdi5nWZZaFPIr17q8jt.jpg", "backdrop_path": "/roZFGw3Rg6VOYty9y4r5WvgvXoC.jpg"}, "budget": 75000000, "genres": [{"id": 12, "name": "Adventure"}, {"id": 28, "name": "Action"}, {"id": 878, "name": "Science Fiction"}], "homepage": "https://www.20thcenturystudios.com/movies/x-men", "id": 36657, "imdb_id": "tt0120903", "original_language": "en", "original_title": "X-Men", "overview": "Two mutants, Rogue and Wolverine, come to a private academy for their kind whose resident superhero team, the X-Men, must oppose a terrorist organization with similar powers.", "popularity": 1.32, "poster_path": "/bRDAc4GogyS9ci3ow7UnInOcriN.jpg", "production_companies": [{"id": 431, "logo_path": "/6dcR1MbRqYgt3jUVYxkHe68GFnZ.png", "name": "The Donners' Company", "origin_country": "US"}, {"id": 9168, "logo_path": "/hQNXrYIuyLRxMSBuGHk0GX7CCBS.png", "name": "Bad Hat Harry Productions", "origin_country": "US"}, {"id": 25, "logo_path": "/qZCc1lty5FzX30aOCVRBLzaVmcp.png", "name": "20th Century Fox", "origin_country": "US"}], "production_countries": [{"iso_3166_1": "US", "name": "United States of America"}], "release_date": "2000-07-13", "revenue": 296339527, "runtime": 104, "spoken_languages": [{"english_name": "English", "iso_639_1": "en", "name": "English"}], "status": "Released", "tagline": "Trust a few. Fear the rest.", "title": "X-Men", "video": false, "vote_average": 6.992, "vote_count": 10261, "certification": "PG-13"}, {"adult": false, "backdrop_path": "/pniACHS8KDVCldB3BlwL78RIZ7V.jpg", "belongs_to_collection": null, "budget": 75000000, "genres": [{"id": 16, "name": "Animation"}, {"id": 28, "name": "Action"}, {"id": 878, "name": "Science Fiction"}, {"id": 10751, "name": "Family"}, {"id": 12, "name": "Adventure"}], "homepage": "", "id": 7450, "imdb_id": "tt0120913", "original_language": "en", "original_title": "Titan A.E.", "overview": "A young man finds out that he holds the key to restoring hope and ensuring survival for the human race, while an alien species called the Drej are bent on mankind's destruction.", "popularity": 17.296, "poster_path": "/el2iHk3LTJWfEnwrvcRkvWY501G.jpg", "production_companies": [{"id": 11050, "logo_path": null, "name": "David Kirschner Productions", "origin_country": "US"}, {"id": 11231, "logo_path": null, "name": "Fox Animation Studios", "origin_country": "US"}, {"id": 25, "logo_path": "/qZCc1lty5FzX30aOCVRBLzaVmcp.png", "name": "20th Century Fox", "origin_country": "US"}], "production_countries": [{"iso_3166_1": "US", "name": "United States of America"}], "release_date": "2000-06-16", "revenue": 36754634, "runtime": 94, "spoken_languages": [{"english_name": "English", "iso_639_1": "en", "name": "English"}, {"english_name": "Mandarin", "iso_639_1": "zh", "name": "\u666e\u901a\u8bdd"}], "status": "Released", "tagline": "When Earth Ends, The Adventure Begins.", "title": "Titan A.E.", "video": false, "vote_average": 6.589, "vote_count": 947, "certification": "PG"}, {"adult": false, "backdrop_path": "/mZj8EUr6F1x2PWZjKPxaeYd5WRw.jpg", "belongs_to_collection": {"id": 178117, "name": "The Emperor's New Groove Collection", "poster_path": "/gCRRjTXVnLrSQMpWGz1Bgz6Zy5Z.jpg", "backdrop_path": "/hrm42649hDK4zCSEZlRWX1k1qS2.jpg"}, "budget": 100000000, "genres": [{"id": 12, "name": "Adventure"}, {"id": 16, "name": "Animation"}, {"id": 35, "name": "Comedy"}, {"id": 10751, "name": "Family"}, {"id": 14, "name": "Fantasy"}], "homepage": "", "id": 11688, "imdb_id": "tt0120917", "original_language": "en", "original_title": "The Emperor's New Groove", "overview": "Kuzco is a self-centered emperor who summons Pacha from a village and to tell him that his home will be destroyed to make room for Kuzco's new summer home. Kuzco's advisor, Yzma, tries to poison Kuzco and accidentally turns him into a llama, who accidentally ends up in Pacha's village. Pacha offers to help Kuzco if he doesn't destroy his house, and so they form an unlikely partnership.", "popularity": 69.263, "poster_path": "/wwbgkXQBEKtnyIJapk6gUgWkVw8.jpg", "production_companies": [{"id": 2, "logo_path": "/wdrCwmRnLFJhEoH8GSfymY85KHT.png", "name": "Walt Disney Pictures", "origin_country": "US"}, {"id": 171656, "logo_path": "/4UBohOtIr9DtxylH48Qsg6aDow6.png", "name": "Walt Disney Feature Animation", "origin_country": "US"}], "production_countries": [{"iso_3166_1": "US", "name": "United States of America"}], "release_date": "2000-12-15", "revenue": 169327687, "runtime": 78, "spoken_languages": [{"english_name": "English", "iso_639_1": "en", "name": "English"}], "status": "Released", "tagline": "It's all about... ME!", "title": "The Emperor's New Groove", "video": false, "vote_average": 7.549, "vote_count": 5906, "certification": "G"}, {"adult": false, "backdrop_path": "/tqEAmypPALBhmwdp9Bo0EcDgKym.jpg", "belongs_to_collection": null, "budget": 0, "genres": [{"id": 53, "name": "Thriller"}, {"id": 18, "name": "Drama"}], "homepage": "", "id": 209084, "imdb_id": "tt0122161", "original_language": "en", "original_title": "Lured Innocence", "overview": "A reporter sent to cover a murder trial discovers a web of deceit stemming from a torrid affair.", "popularity": 1.978, "poster_path": "/kyg8ZjOf2gerMHZQYZhEiKmHmbp.jpg", "production_companies": [{"id": 70910, "logo_path": null, "name": "Lured Innocence Productions Inc.", "origin_country": ""}], "production_countries": [{"iso_3166_1": "US", "name": "United States of America"}], "release_date": "2000-02-12", "revenue": 0, "runtime": 97, "spoken_languages": [{"english_name": "English", "iso_639_1": "en", "name": "English"}], "status": "Released", "tagline": "Deceptive passion... Malicious seduction.", "title": "Lured Innocence", "video": false, "vote_average": 5.0, "vote_count": 6, "certification": "R"}, {"adult": false, "backdrop_path": "/oNOJoW2XoH3shkQxHtOyacJRBCQ.jpg", "belongs_to_collection": null, "budget": 24000000, "genres": [{"id": 10749, "name": "Romance"}, {"id": 35, "name": "Comedy"}], "homepage": "", "id": 2621, "imdb_id": "tt0122459", "original_language": "en", "original_title": "Return to Me", "overview": "It took a lot of cajoling to get Bob, a recently widowed architect, to go on a blind date at a quirky Irish-Italian eatery. Once there, he's smitten instantly not with his date but with the sharp-witted waitress. Everything seems to be going great until an unbelievable truth is revealed, one that could easily break both of their hearts for good.", "popularity": 10.317, "poster_path": "/89hcHolg5jZcPK0s0a8DW69eCiN.jpg", "production_companies": [{"id": 65402, "logo_path": null, "name": "JLT Productions", "origin_country": ""}, {"id": 21, "logo_path": "/5Va1Ie5c4sjfEYqixQ3L8qg7fKu.png", "name": "Metro-Goldwyn-Mayer", "origin_country": "US"}], "production_countries": [{"iso_3166_1": "US", "name": "United States of America"}], "release_date": "2000-04-07", "revenue": 36609995, "runtime": 115, "spoken_languages": [{"english_name": "English", "iso_639_1": "en", "name": "English"}], "status": "Released", "tagline": "A comedy straight from the heart", "title": "Return to Me", "video": false, "vote_average": 6.592, "vote_count": 379, "certification": "PG"}, {"adult": false, "backdrop_path": "/2vJe8fmPu5rxlH9lJlcHrj7bs2u.jpg", "belongs_to_collection": null, "budget": 10000000, "genres": [{"id": 35, "name": "Comedy"}, {"id": 18, "name": "Drama"}], "homepage": "", "id": 95136, "imdb_id": "tt0123003", "original_language": "en", "original_title": "Bruno", "overview": "The story of a unique young boy genius, Bruno, whose expression of his own individuality leads his family and community along an emotional journey.", "popularity": 3.762, "poster_path": "/xs2XKvQkKFB0zm4eLVLcMMRexbJ.jpg", "production_companies": [{"id": 12474, "logo_path": null, "name": "J&M Entertainment", "origin_country": ""}, {"id": 12475, "logo_path": null, "name": "Original Voices Inc.", "origin_country": ""}], "production_countries": [{"iso_3166_1": "US", "name": "United States of America"}], "release_date": "2000-04-16", "revenue": 0, "runtime": 108, "spoken_languages": [{"english_name": "English", "iso_639_1": "en", "name": "English"}], "status": "Released", "tagline": "The comedy that is long on originality and short on pants.", "title": "Bruno", "video": false, "vote_average": 6.9, "vote_count": 23, "certification": ""}, {"adult": false, "backdrop_path": null, "belongs_to_collection": null, "budget": 0, "genres": [{"id": 35, "name": "Comedy"}, {"id": 10751, "name": "Family"}], "homepage": "", "id": 248740, "imdb_id": "tt0123055", "original_language": "en", "original_title": "The Elf Who Didn't Believe", "overview": "Elmer, an elf child, steals Santa's sleigh and goes out to the real world, pretending to be a real boy.", "popularity": 1.544, "poster_path": "/urmN4BHYLLGWP89U3SFfEbhG6x2.jpg", "production_companies": [], "production_countries": [], "release_date": "1997-01-02", "revenue": 0, "runtime": 90, "spoken_languages": [{"english_name": "English", "iso_639_1": "en", "name": "English"}], "status": "Released", "tagline": "", "title": "The Elf Who Didn't Believe", "video": false, "vote_average": 4.0, "vote_count": 1, "certification": "G"}, {"adult": false, "backdrop_path": "/wW2binZ7EVPGy5gEsIoMKICckcQ.jpg", "belongs_to_collection": null, "budget": 8500000, "genres": [{"id": 9648, "name": "Mystery"}, {"id": 18, "name": "Drama"}, {"id": 10749, "name": "Romance"}], "homepage": "", "id": 37722, "imdb_id": "tt0127349", "original_language": "en", "original_title": "Waking the Dead", "overview": "A congressional candidate questions his sanity after seeing the love of his life, presumed dead, suddenly emerge.", "popularity": 10.036, "poster_path": "/wC4MSw7MYYDIhkcgw1lZui0kzur.jpg", "production_companies": [{"id": 1382, "logo_path": "/sOg7LGESPH5vCTOIdbMhLuypoLL.png", "name": "PolyGram Filmed Entertainment", "origin_country": "US"}, {"id": 802, "logo_path": null, "name": "Egg Pictures", "origin_country": ""}, {"id": 37, "logo_path": "/24D25UH5SyteudhPXW6Oy0Qfj1q.png", "name": "Gramercy Pictures", "origin_country": "US"}], "production_countries": [{"iso_3166_1": "CA", "name": "Canada"}, {"iso_3166_1": "US", "name": "United States of America"}], "release_date": "2000-03-24", "revenue": 327418, "runtime": 105, "spoken_languages": [{"english_name": "English", "iso_639_1": "en", "name": "English"}], "status": "Released", "tagline": "Sometimes love has a life of it's own.", "title": "Waking the Dead", "video": false, "vote_average": 6.2, "vote_count": 74, "certification": "R"}, {"adult": false, "backdrop_path": null, "belongs_to_collection": null, "budget": 0, "genres": [{"id": 27, "name": "Horror"}], "homepage": "", "id": 445773, "imdb_id": "tt0128158", "original_language": "en", "original_title": "Deadfall", "overview": "A dark supernatural force is unleashed, spoiling a weekend trip.", "popularity": 0.931, "poster_path": "/jlqgqF7ftahZV1XZXAipXrAnjbt.jpg", "production_companies": [], "production_countries": [{"iso_3166_1": "US", "name": "United States of America"}], "release_date": "2000-01-01", "revenue": 0, "runtime": 86, "spoken_languages": [{"english_name": "English", "iso_639_1": "en", "name": "English"}], "status": "Released", "tagline": "Chaos has awakened.", "title": "Deadfall", "video": false, "vote_average": 4.7, "vote_count": 3}, {"adult": false, "backdrop_path": "/laeEtakR2pLKu3CeRwB2lU5Y53X.jpg", "belongs_to_collection": null, "budget": 127500000, "genres": [{"id": 10751, "name": "Family"}, {"id": 16, "name": "Animation"}], "homepage": "", "id": 10567, "imdb_id": "tt0130623", "original_language": "en", "original_title": "Dinosaur", "overview": "An orphaned dinosaur raised by lemurs joins an arduous trek to a sancturary after a meteorite shower destroys his family home.", "popularity": 53.684, "poster_path": "/rSje3FS7ycJSglowlngjsvDt7vO.jpg", "production_companies": [{"id": 2, "logo_path": "/wdrCwmRnLFJhEoH8GSfymY85KHT.png", "name": "Walt Disney Pictures", "origin_country": "US"}, {"id": 171656, "logo_path": "/4UBohOtIr9DtxylH48Qsg6aDow6.png", "name": "Walt Disney Feature Animation", "origin_country": "US"}], "production_countries": [{"iso_3166_1": "US", "name": "United States of America"}], "release_date": "2000-05-19", "revenue": 354248063, "runtime": 82, "spoken_languages": [{"english_name": "English", "iso_639_1": "en", "name": "English"}], "status": "Released", "tagline": "You have never seen anything like this.", "title": "Dinosaur", "video": false, "vote_average": 6.527, "vote_count": 2221, "certification": "PG"}, {"adult": false, "backdrop_path": "/9K1y8HCokYpuU92jKauiFwu0y7P.jpg", "belongs_to_collection": null, "budget": 76000000, "genres": [{"id": 10751, "name": "Family"}, {"id": 12, "name": "Adventure"}, {"id": 16, "name": "Animation"}, {"id": 35, "name": "Comedy"}, {"id": 14, "name": "Fantasy"}], "homepage": "", "id": 17711, "imdb_id": "tt0131704", "original_language": "en", "original_title": "The Adventures of Rocky & Bullwinkle", "overview": "Rocky and Bullwinkle have been living off the finances made from the reruns of their cartoon show. Boris and Natasha somehow manage to crossover into reality and team up with Fearless Leader, an evil criminal turned media mogul with some evil plans up his sleeve. Rocky and Bullwinkle must stop the three of them before they wreak havoc.", "popularity": 8.783, "poster_path": "/xCFSsftt2rglC81I6QLWcZSTCBM.jpg", "production_companies": [{"id": 11391, "logo_path": "/t6m0uRTzaFHCsvEpikENE0PWJGb.png", "name": "Tribeca Productions", "origin_country": "US"}, {"id": 32809, "logo_path": "/26iy8TFRNLUipFAGhFS8YfrWgAV.png", "name": "Wildbrain Entertainment", "origin_country": "US"}, {"id": 33, "logo_path": "/8lvHyhjr8oUKOOy2dKXoALWKdp0.png", "name": "Universal Pictures", "origin_country": "US"}, {"id": 67002, "logo_path": null, "name": "Jay Ward Productions", "origin_country": ""}, {"id": 594, "logo_path": null, "name": "Capella International", "origin_country": ""}, {"id": 22182, "logo_path": null, "name": "KC Medien", "origin_country": "DE"}], "production_countries": [{"iso_3166_1": "DE", "name": "Germany"}, {"iso_3166_1": "US", "name": "United States of America"}], "release_date": "2000-06-30", "revenue": 35134820, "runtime": 88, "spoken_languages": [{"english_name": "English", "iso_639_1": "en", "name": "English"}], "status": "Released", "tagline": "This summer it's not the same old bull.", "title": "The Adventures of Rocky & Bullwinkle", "video": false, "vote_average": 4.1, "vote_count": 321, "certification": "PG"}, {"adult": false, "backdrop_path": null, "belongs_to_collection": null, "budget": 0, "genres": [{"id": 28, "name": "Action"}, {"id": 35, "name": "Comedy"}], "homepage": "", "id": 44574, "imdb_id": "tt0132885", "original_language": "en", "original_title": "Blackmale", "overview": "Two desperate con men attempt to blackmail a psychotic doctor who may just be a serial killer.", "popularity": 1.523, "poster_path": "/4Z6xnqx1lSrikXRklsOWi1R7rVd.jpg", "production_companies": [], "production_countries": [], "release_date": "2000-05-11", "revenue": 0, "runtime": 90, "spoken_languages": [], "status": "Released", "tagline": "Money, love and guns. It's payback time", "title": "Blackmale", "video": false, "vote_average": 4.7, "vote_count": 5}, {"adult": false, "backdrop_path": "/s6cgAveWCam2hYgdPhD3WbrjSBt.jpg", "belongs_to_collection": {"id": 9436, "name": "The Crow Collection", "poster_path": "/kfU8OZptlBfR5DL9LNGL301Zmlz.jpg", "backdrop_path": "/xxJs7xqY0vMuNlznQboBzq8RlZm.jpg"}, "budget": 10000000, "genres": [{"id": 28, "name": "Action"}, {"id": 53, "name": "Thriller"}, {"id": 80, "name": "Crime"}, {"id": 14, "name": "Fantasy"}, {"id": 9648, "name": "Mystery"}, {"id": 27, "name": "Horror"}], "homepage": "https://www.miramax.com/movie/crow-iii-salvation/", "id": 9456, "imdb_id": "tt0132910", "original_language": "en", "original_title": "The Crow: Salvation", "overview": "Alex Corvis returns to the world of the living to avenge the murder of his girlfriend, who he was wrongly accused of killing. But first he must uncover the truth about who really killed her.", "popularity": 9.655, "poster_path": "/wA8nRfRyv17CCIn0xFsH9aZe7jw.jpg", "production_companies": [{"id": 7405, "logo_path": "/rfnws0uY8rsNAsrLbx3gEIcYXx3.png", "name": "Dimension Films", "origin_country": "US"}, {"id": 4030, "logo_path": null, "name": "Jeff Most Productions", "origin_country": ""}, {"id": 140435, "logo_path": null, "name": "Pacifica Film Distribution", "origin_country": ""}], "production_countries": [{"iso_3166_1": "DE", "name": "Germany"}, {"iso_3166_1": "US", "name": "United States of America"}], "release_date": "2000-01-23", "revenue": 0, "runtime": 102, "spoken_languages": [{"english_name": "English", "iso_639_1": "en", "name": "English"}], "status": "Released", "tagline": "For Vengeance, For Justice, For Love.", "title": "The Crow: Salvation", "video": false, "vote_average": 5.403, "vote_count": 278, "certification": "R"}, {"adult": false, "backdrop_path": null, "belongs_to_collection": null, "budget": 0, "genres": [{"id": 53, "name": "Thriller"}, {"id": 80, "name": "Crime"}, {"id": 18, "name": "Drama"}], "homepage": "", "id": 278828, "imdb_id": "tt0133752", "original_language": "en", "original_title": "Fallen Arches", "overview": "Transplanted from New York, Duke and his brother Frankie Romano live in a rundown LA apartment with their alcoholic mother (Karen Black).", "popularity": 1.734, "poster_path": "/sNGqJObApRoXV1p4s6We601Avjl.jpg", "production_companies": [{"id": 59172, "logo_path": null, "name": "Saraghina Film Company", "origin_country": ""}], "production_countries": [], "release_date": "2000-01-15", "revenue": 0, "runtime": 100, "spoken_languages": [{"english_name": "English", "iso_639_1": "en", "name": "English"}], "status": "Released", "tagline": "Two brothers, one gangster, and the most heinous of crimes...", "title": "Fallen Arches", "video": false, "vote_average": 0.0, "vote_count": 0, "certification": ""}, {"adult": false, "backdrop_path": "/4JOPLgIwDQ1qNI5EHiCF5hPII8Y.jpg", "belongs_to_collection": {"id": 2602, "name": "Scream Collection", "poster_path": "/p3EjClFy20jjT0u06dzBs4lvvhi.jpg", "backdrop_path": "/oUcscMECv8DOBsAPCh3KnDZqAC4.jpg"}, "budget": 40000000, "genres": [{"id": 27, "name": "Horror"}, {"id": 9648, "name": "Mystery"}], "homepage": "", "id": 4234, "imdb_id": "tt0134084", "original_language": "en", "original_title": "Scream 3", "overview": "While Sidney lives in safely guarded seclusion, bodies begin dropping around the Hollywood set of STAB 3, the latest movie based on the gruesome Woodsboro killings.", "popularity": 80.465, "poster_path": "/qpH8ToZVlFD1bakL04LkEKodyDI.jpg", "production_companies": [{"id": 1600, "logo_path": null, "name": "Craven-Maddalena Films", "origin_country": ""}, {"id": 7405, "logo_path": "/rfnws0uY8rsNAsrLbx3gEIcYXx3.png", "name": "Dimension Films", "origin_country": "US"}, {"id": 85, "logo_path": null, "name": "Konrad Pictures", "origin_country": ""}], "production_countries": [{"iso_3166_1": "US", "name": "United States of America"}], "release_date": "2000-02-03", "revenue": 161834276, "runtime": 116, "spoken_languages": [{"english_name": "English", "iso_639_1": "en", "name": "English"}], "status": "Released", "tagline": "Someone has taken their love of trilogies one step too far.", "title": "Scream 3", "video": false, "vote_average": 5.978, "vote_count": 2970, "certification": "R"}, {"adult": false, "backdrop_path": "/dDJuLVV5K1XYim69Ab8wy9luXu4.jpg", "belongs_to_collection": null, "budget": 0, "genres": [{"id": 35, "name": "Comedy"}, {"id": 18, "name": "Drama"}, {"id": 10402, "name": "Music"}], "homepage": "", "id": 18074, "imdb_id": "tt0134630", "original_language": "en", "original_title": "Duets", "overview": "Duets is a road-trip comedy which revolves around the little known world of karaoke and the whimsical characters who inhabit it. All roads lead to Omaha, site of a national karaoke competition where this motley group of singers and stars come together for a blow-out sing-off.", "popularity": 7.095, "poster_path": "/zfDgSVq8ZDUqvK9w32myXPtX0vK.jpg", "production_companies": [{"id": 14159, "logo_path": null, "name": "Seven Arts Pictures", "origin_country": ""}, {"id": 10157, "logo_path": null, "name": "Beacon Pictures", "origin_country": ""}, {"id": 915, "logo_path": "/4neXXpjSJDZPBGBnfWtqysB5htV.png", "name": "Hollywood Pictures", "origin_country": "US"}], "production_countries": [{"iso_3166_1": "US", "name": "United States of America"}], "release_date": "2000-09-09", "revenue": 0, "runtime": 112, "spoken_languages": [{"english_name": "English", "iso_639_1": "en", "name": "English"}], "status": "Released", "tagline": "Six littles souls in search of a little harmony.", "title": "Duets", "video": false, "vote_average": 5.772, "vote_count": 128, "certification": "R"}, {"adult": false, "backdrop_path": "/bMJdVmo6QqoUHpUsjWyei6MN02x.jpg", "belongs_to_collection": {"id": 2794, "name": "The Chronicles of Riddick Collection", "poster_path": "/2jEN9v4myEXgtX6fdkOdGW1noLr.jpg", "backdrop_path": "/xb5zyHecWA7UACdiNPXDA3m5HSY.jpg"}, "budget": 23000000, "genres": [{"id": 53, "name": "Thriller"}, {"id": 878, "name": "Science Fiction"}, {"id": 28, "name": "Action"}], "homepage": "https://www.uphe.com/movies/pitch-black", "id": 2787, "imdb_id": "tt0134847", "original_language": "en", "original_title": "Pitch Black", "overview": "When their ship crash-lands on a remote planet, the marooned passengers soon learn that escaped convict Riddick isn't the only thing they have to fear. Deadly creatures lurk in the shadows, waiting to attack in the dark, and the planet is rapidly plunging into the utter blackness of a total eclipse. With the body count rising, the doomed survivors are forced to turn to Riddick with his eerie eyes to guide them through the darkness to safety. With time running out, there's only one rule: Stay in the light.", "popularity": 13.148, "poster_path": "/3AnlxZ5CZnhKKzjgFyY6EHxmOyl.jpg", "production_companies": [{"id": 10201, "logo_path": null, "name": "Interscope Communications", "origin_country": "US"}], "production_countries": [{"iso_3166_1": "US", "name": "United States of America"}], "release_date": "2000-02-18", "revenue": 53187659, "runtime": 108, "spoken_languages": [{"english_name": "Arabic", "iso_639_1": "ar", "name": "\u0627\u0644\u0639\u0631\u0628\u064a\u0629"}, {"english_name": "English", "iso_639_1": "en", "name": "English"}], "status": "Released", "tagline": "Don't be afraid of the dark. Be afraid of what's in the dark", "title": "Pitch Black", "video": false, "vote_average": 6.831, "vote_count": 3941, "certification": "R"}, {"adult": false, "backdrop_path": "/przsU4aiGsdlDkCp5uV8kq8gbLe.jpg", "belongs_to_collection": null, "budget": 90000000, "genres": [{"id": 878, "name": "Science Fiction"}, {"id": 27, "name": "Horror"}, {"id": 14, "name": "Fantasy"}, {"id": 53, "name": "Thriller"}], "homepage": "", "id": 10384, "imdb_id": "tt0134983", "original_language": "en", "original_title": "Supernova", "overview": "Set in the 22nd century, when a battered salvage ship sends out a distress signal, the seasoned crew of the rescue hospital ship Nova-17 responds. What they find is a black hole--that threatens to destroy both ships--and a mysterious survivor whose body quickly mutates into a monstrous and deadly form.", "popularity": 12.865, "poster_path": "/AmHGUjhgXnOYRYrF2ZYMtzfwxPe.jpg", "production_companies": [{"id": 20375, "logo_path": null, "name": "Hammerhead Productions", "origin_country": ""}, {"id": 23587, "logo_path": null, "name": "Screenland Pictures", "origin_country": ""}, {"id": 60, "logo_path": "/1SEj4nyG3JPBSKBbFhtdcHRaIF9.png", "name": "United Artists", "origin_country": "US"}, {"id": 21, "logo_path": "/5Va1Ie5c4sjfEYqixQ3L8qg7fKu.png", "name": "Metro-Goldwyn-Mayer", "origin_country": "US"}], "production_countries": [{"iso_3166_1": "CH", "name": "Switzerland"}, {"iso_3166_1": "US", "name": "United States of America"}], "release_date": "2000-01-14", "revenue": 14828081, "runtime": 91, "spoken_languages": [{"english_name": "English", "iso_639_1": "en", "name": "English"}], "status": "Released", "tagline": "In the farthest reaches of space, something has gone terribly wrong.", "title": "Supernova", "video": false, "vote_average": 4.947, "vote_count": 323, "certification": "R"}, {"adult": false, "backdrop_path": "/yfEHWTol45snKU4OekKCeMNUa8A.jpg", "belongs_to_collection": null, "budget": 0, "genres": [{"id": 18, "name": "Drama"}, {"id": 37, "name": "Western"}], "homepage": "", "id": 66796, "imdb_id": "tt0135707", "original_language": "en", "original_title": "Wind River", "overview": "The 1854 Wyoming historical drama is based on Tom Shell's adaptation of the true life memoirs of Pony Express rider Nick Wilson.", "popularity": 1.471, "poster_path": "/ywJB4VhAjJd0Kij08liRH1u8FWi.jpg", "production_companies": [{"id": 109977, "logo_path": null, "name": "Mad Dog Productions", "origin_country": "US"}], "production_countries": [], "release_date": "2000-06-07", "revenue": 0, "runtime": 97, "spoken_languages": [], "status": "Released", "tagline": "", "title": "Wind River", "video": false, "vote_average": 6.0, "vote_count": 6}, {"adult": false, "backdrop_path": null, "belongs_to_collection": null, "budget": 0, "genres": [], "homepage": "", "id": 150627, "imdb_id": "tt0138288", "original_language": "en", "original_title": "All Saints Day", "overview": "Fed up with his overbearing mother, his pathetic love life, his lack of money, and especially his cruel boss, Brooklyn-boy Marco decides to rob the fish market where he works (with the help of a few friends). Of course, all does not go as planned...", "popularity": 1.216, "poster_path": null, "production_companies": [], "production_countries": [{"iso_3166_1": "US", "name": "United States of America"}], "release_date": "2000-10-18", "revenue": 0, "runtime": 82, "spoken_languages": [{"english_name": "English", "iso_639_1": "en", "name": "English"}], "status": "Released", "tagline": "Five Brooklyn crooks and a fishful of dollars.", "title": "All Saints Day", "video": false, "vote_average": 10.0, "vote_count": 1, "certification": ""}, {"adult": false, "backdrop_path": "/j6lcm7aSuehafRmtSLLBbtIuvKW.jpg", "belongs_to_collection": null, "budget": 1700000, "genres": [{"id": 18, "name": "Drama"}, {"id": 80, "name": "Crime"}], "homepage": "", "id": 182799, "imdb_id": "tt0138353", "original_language": "en", "original_title": "Cement", "overview": "Take a walk on the seamy side of town, where you can\u2019t tell the difference between the bad cops and the crooks. Bob Holt (Chris Penn), a corrupt detective knee-deep in kickbacks, has an uneasy partnership with a drug-addicted cop (Jeffrey Wright) and an even shakier alliance with a notorious mob syndicate. When Holt pours the youngest mob brother (Anthony De Sando) into a cement freeway structure, it sets in motion a twisted tale of revenge.", "popularity": 1.886, "poster_path": "/tEOWxb4o2EicUue41oUHqNZnKrl.jpg", "production_companies": [{"id": 40425, "logo_path": null, "name": "Ocelot Films Inc.", "origin_country": "US"}, {"id": 2832, "logo_path": null, "name": "Cineville", "origin_country": "US"}, {"id": 198933, "logo_path": null, "name": "Bobcat Productions", "origin_country": ""}], "production_countries": [{"iso_3166_1": "US", "name": "United States of America"}], "release_date": "2000-04-14", "revenue": 0, "runtime": 101, "spoken_languages": [{"english_name": "English", "iso_639_1": "en", "name": "English"}], "status": "Released", "tagline": "When cops are on the take, betrayal is set in stone.", "title": "Cement", "video": false, "vote_average": 5.3, "vote_count": 3, "certification": "R"}, {"adult": false, "backdrop_path": "/ciID0Mu1pPuOUP3JbOsDXQ5aMV6.jpg", "belongs_to_collection": null, "budget": 95000000, "genres": [{"id": 10751, "name": "Family"}, {"id": 12, "name": "Adventure"}, {"id": 16, "name": "Animation"}, {"id": 35, "name": "Comedy"}, {"id": 14, "name": "Fantasy"}], "homepage": "", "id": 10501, "imdb_id": "tt0138749", "original_language": "en", "original_title": "The Road to El Dorado", "overview": "After a failed swindle, two con-men end up with a map to El Dorado, the fabled \"city of gold,\" and an unintended trip to the New World.  Much to their surprise, the map does lead the pair to the mythical city, where the startled inhabitants promptly begin to worship them as gods.  The only question is, do they take the worshipful natives for all they're worth, or is there a bit more to El Dorado than riches?", "popularity": 45.139, "poster_path": "/ryXm7xp4aqQyda0FU2eMfHehPBg.jpg", "production_companies": [{"id": 521, "logo_path": "/kP7t6RwGz2AvvTkvnI1uteEwHet.png", "name": "DreamWorks Animation", "origin_country": "US"}, {"id": 7, "logo_path": "/vru2SssLX3FPhnKZGtYw00pVIS9.png", "name": "DreamWorks Pictures", "origin_country": "US"}], "production_countries": [{"iso_3166_1": "US", "name": "United States of America"}], "release_date": "2000-03-31", "revenue": 76432727, "runtime": 89, "spoken_languages": [{"english_name": "English", "iso_639_1": "en", "name": "English"}], "status": "Released", "tagline": "They came for the gold. They stayed for the adventure.", "title": "The Road to El Dorado", "video": false, "vote_average": 7.2, "vote_count": 3401, "certification": "PG"}, {"adult": false, "backdrop_path": null, "belongs_to_collection": null, "budget": 0, "genres": [{"id": 18, "name": "Drama"}], "homepage": "", "id": 651895, "imdb_id": "tt0138818", "original_language": "en", "original_title": "The Hiding Place", "overview": "A son visits his aging mother and sees tragic, intermittent signs of senility, but she pleads with him not to send her to a sanitarium.", "popularity": 2.042, "poster_path": "/yyH0uzI9WZ6dhdbKFyZpdPH2s8P.jpg", "production_companies": [], "production_countries": [{"iso_3166_1": "US", "name": "United States of America"}], "release_date": "2000-06-22", "revenue": 0, "runtime": 97, "spoken_languages": [{"english_name": "English", "iso_639_1": "en", "name": "English"}], "status": "Released", "tagline": "The only one who knows can't be trusted and is losing her mind...", "title": "The Hiding Place", "video": false, "vote_average": 4.0, "vote_count": 1, "certification": "PG-13"}, {"adult": false, "backdrop_path": "/5f8tJLrFdcgSpqYi7U58GEkoMF1.jpg", "belongs_to_collection": null, "budget": 0, "genres": [{"id": 18, "name": "Drama"}], "homepage": "", "id": 65736, "imdb_id": "tt0138927", "original_language": "en", "original_title": "Waterproof", "overview": "Single mother Tyree Battle struggles to keep her young son Thaniel away from the gang-plagued city streets that he is mixed up in. Under severe gang pressure, Thaniel accidentally shoots Jewish shopkeeper Eli Zeal in a botched robbery attempt. Tyree, protecting her son from the law, kidnaps Eli and flees to her hometown of Waterproof.", "popularity": 1.356, "poster_path": "/tE1ae7Fz1RGuaeFOfRfLM9xioml.jpg", "production_companies": [], "production_countries": [], "release_date": "2000-01-01", "revenue": 0, "runtime": 94, "spoken_languages": [], "status": "Released", "tagline": "Eli Zeal is about to learn that to err is human... and to forgive divine.", "title": "Waterproof", "video": false, "vote_average": 6.0, "vote_count": 4, "certification": "PG-13"}, {"adult": false, "backdrop_path": "/tcFHLS1AWBbMscI6KuI8X0ygloK.jpg", "belongs_to_collection": null, "budget": 0, "genres": [{"id": 80, "name": "Crime"}, {"id": 18, "name": "Drama"}, {"id": 53, "name": "Thriller"}], "homepage": "https://www.miramax.com/movie/the-yards", "id": 19457, "imdb_id": "tt0138946", "original_language": "en", "original_title": "The Yards", "overview": "In the rail yards of Queens, contractors repair and rebuild the city's subway cars. These contracts are lucrative, so graft and corruption are rife. When Leo Handler gets out of prison, he finds his aunt married to Frank Olchin, one of the big contractors; he's battling with a minority-owned firm for contracts.", "popularity": 8.95, "poster_path": "/AtwXtU8CDWvVADgOwRkOSRZFPWI.jpg", "production_companies": [{"id": 14, "logo_path": "/m6AHu84oZQxvq7n1rsvMNJIAsMu.png", "name": "Miramax", "origin_country": "US"}, {"id": 376, "logo_path": null, "name": "Industry Entertainment", "origin_country": ""}], "production_countries": [{"iso_3166_1": "US", "name": "United States of America"}], "release_date": "2000-04-27", "revenue": 0, "runtime": 115, "spoken_languages": [{"english_name": "English", "iso_639_1": "en", "name": "English"}, {"english_name": "Spanish", "iso_639_1": "es", "name": "Espa\u00f1ol"}], "status": "Released", "tagline": "He's the target of the most merciless family in New York. His own.", "title": "The Yards", "video": false, "vote_average": 6.183, "vote_count": 371, "certification": "R"}, {"adult": false, "backdrop_path": null, "belongs_to_collection": null, "budget": 0, "genres": [{"id": 10749, "name": "Romance"}, {"id": 35, "name": "Comedy"}], "homepage": "", "id": 44388, "imdb_id": "tt0139388", "original_language": "en", "original_title": "It Had to Be You", "overview": "Sparks fly when Anna Penn and Charlie Hudson meet. Unfortunately, they're both engaged to other people. In fact, they're staying at the same New York City hotel in order to work on wrapping up the last details of their nuptials. Over days and evenings of joint wedding planning, the two grow closer -- and start to wonder if they're getting married to the right people after all.", "popularity": 6.167, "poster_path": "/4yauSoeLnUDgKMy9NIyz0UPGtB5.jpg", "production_companies": [{"id": 1341, "logo_path": null, "name": "Regent Entertainment", "origin_country": ""}, {"id": 7717, "logo_path": null, "name": "Flashpoint Entertainment", "origin_country": ""}, {"id": 190129, "logo_path": null, "name": "Black Sheep Entertainment", "origin_country": ""}, {"id": 190130, "logo_path": null, "name": "Kaplan/Feder Films", "origin_country": ""}], "production_countries": [{"iso_3166_1": "US", "name": "United States of America"}], "release_date": "2000-02-11", "revenue": 0, "runtime": 90, "spoken_languages": [{"english_name": "English", "iso_639_1": "en", "name": "English"}], "status": "Released", "tagline": "Love is what happens when you're busy making other plans.", "title": "It Had to Be You", "video": false, "vote_average": 6.447, "vote_count": 19, "certification": "PG"}, {"adult": false, "backdrop_path": "/a56yntKq9u00uzin9EuNyQ1ym5A.jpg", "belongs_to_collection": {"id": 699053, "name": "The Fontainhas Collection", "poster_path": "/lV7dYgXcqtOPw7SkYvUBqHxjxAf.jpg", "backdrop_path": null}, "budget": 0, "genres": [{"id": 18, "name": "Drama"}], "homepage": "", "id": 87063, "imdb_id": "tt0139500", "original_language": "pt", "original_title": "No Quarto da Vanda", "overview": "An unflinching, fragmentary look at a handful of self-destructive, marginalized people, but taking as main focus the heroin-addicted Vanda Duarte.", "popularity": 2.919, "poster_path": "/hCA3dSkL6S4xJfuGioHX4xwrEMv.jpg", "production_companies": [{"id": 8491, "logo_path": null, "name": "Instituto Portugu\u00eas da Arte Cinematogr\u00e1fica e Audiovisual", "origin_country": "PT"}, {"id": 10359, "logo_path": null, "name": "Contracosta Produ\u00e7\u00f5es", "origin_country": "PT"}, {"id": 140, "logo_path": "/ooz5b0ov3PLfBoOJyMmdoffVuHs.png", "name": "Pandora Film", "origin_country": "DE"}], "production_countries": [{"iso_3166_1": "PT", "name": "Portugal"}, {"iso_3166_1": "CH", "name": "Switzerland"}, {"iso_3166_1": "DE", "name": "Germany"}], "release_date": "2000-08-09", "revenue": 0, "runtime": 171, "spoken_languages": [{"english_name": "Portuguese", "iso_639_1": "pt", "name": "Portugu\u00eas"}], "status": "Released", "tagline": "", "title": "In Vanda's Room", "video": false, "vote_average": 6.6, "vote_count": 38}, {"adult": false, "backdrop_path": "/2W1AA5qZXJrR7MJXUgqj49JsLYy.jpg", "belongs_to_collection": null, "budget": 62000000, "genres": [{"id": 10752, "name": "War"}, {"id": 18, "name": "Drama"}, {"id": 28, "name": "Action"}, {"id": 53, "name": "Thriller"}], "homepage": "", "id": 3536, "imdb_id": "tt0141926", "original_language": "en", "original_title": "U-571", "overview": "In the midst of World War II, the battle under the sea rages and the Nazis have the upper hand as the Allies are unable to crack their war codes. However, after a wrecked U-boat sends out an SOS signal, the Allies realise this is their chance to seize the 'enigma coding machine'.", "popularity": 15.695, "poster_path": "/yeUhRSrlFcXhsuUai2ozWH6rNnK.jpg", "production_companies": [{"id": 98728, "logo_path": null, "name": "Canal Plus Image International", "origin_country": ""}, {"id": 33, "logo_path": "/8lvHyhjr8oUKOOy2dKXoALWKdp0.png", "name": "Universal Pictures", "origin_country": "US"}, {"id": 10308, "logo_path": null, "name": "Dino De Laurentiis Company", "origin_country": "US"}], "production_countries": [{"iso_3166_1": "FR", "name": "France"}, {"iso_3166_1": "US", "name": "United States of America"}], "release_date": "2000-04-20", "revenue": 127666415, "runtime": 116, "spoken_languages": [{"english_name": "English", "iso_639_1": "en", "name": "English"}, {"english_name": "French", "iso_639_1": "fr", "name": "Fran\u00e7ais"}, {"english_name": "Russian", "iso_639_1": "ru", "name": "P\u0443\u0441\u0441\u043a\u0438\u0439"}], "status": "Released", "tagline": "Heroes are ordinary men who do extraordinary things in extraordinary times.", "title": "U-571", "video": false, "vote_average": 6.452, "vote_count": 1046, "certification": "PG-13"}, {"adult": false, "backdrop_path": null, "belongs_to_collection": null, "budget": 0, "genres": [{"id": 35, "name": "Comedy"}, {"id": 10749, "name": "Romance"}], "homepage": "", "id": 200615, "imdb_id": "tt0142650", "original_language": "en", "original_title": "Meeting Daddy", "overview": "An aspiring writer from New York visits his girlfriend's eccentric family in Georgia.", "popularity": 1.428, "poster_path": "/68IoKhhP9TllaX2fvU6eGrgHaCZ.jpg", "production_companies": [{"id": 181922, "logo_path": null, "name": "Mas Macho Inc.", "origin_country": ""}], "production_countries": [{"iso_3166_1": "US", "name": "United States of America"}], "release_date": "2000-06-27", "revenue": 0, "runtime": 96, "spoken_languages": [{"english_name": "English", "iso_639_1": "en", "name": "English"}], "status": "Released", "tagline": "", "title": "Meeting Daddy", "video": false, "vote_average": 0.0, "vote_count": 0, "certification": "R"}, {"adult": false, "backdrop_path": "/uTew5o2P08r15FZjOkD7au7W2WP.jpg", "belongs_to_collection": null, "budget": 0, "genres": [{"id": 18, "name": "Drama"}], "homepage": "", "id": 121940, "imdb_id": "tt0143344", "original_language": "en", "original_title": "Knockout", "overview": "Bell decides to follow the footsteps of his father, devoted to boxing to become champion. But not only must fight against his opponents but against a world where it seems that nobody wants to see it succeed.", "popularity": 4.159, "poster_path": "/arSTDUFyw0IdaCFfAAJNpdI0Gf3.jpg", "production_companies": [{"id": 10289, "logo_path": "/4lXJcFjACjb34LF78AUjEz4FtB9.png", "name": "DMG Entertainment", "origin_country": "US"}], "production_countries": [{"iso_3166_1": "US", "name": "United States of America"}], "release_date": "2000-02-04", "revenue": 0, "runtime": 99, "spoken_languages": [{"english_name": "English", "iso_639_1": "en", "name": "English"}], "status": "Released", "tagline": "LADIES... Let's get it on!", "title": "Knockout", "video": false, "vote_average": 2.667, "vote_count": 3, "certification": ""}, {"adult": false, "backdrop_path": "/bneUTWFAcVCdsb0O5UwZbJd8xqZ.jpg", "belongs_to_collection": {"id": 86105, "name": "American Psycho Collection", "poster_path": "/ko4O9lcRGYOZAF5Hh79Mfsgjpun.jpg", "backdrop_path": "/z5cYtp6jrS23RrQPBiJMJpIMwjc.jpg"}, "budget": 7000000, "genres": [{"id": 53, "name": "Thriller"}, {"id": 18, "name": "Drama"}, {"id": 80, "name": "Crime"}], "homepage": "", "id": 1359, "imdb_id": "tt0144084", "original_language": "en", "original_title": "American Psycho", "overview": "A wealthy New York investment banking executive hides his alternate psychopathic ego from his co-workers and friends as he escalates deeper into his illogical, gratuitous fantasies.", "popularity": 52.007, "poster_path": "/9uGHEgsiUXjCNq8wdq4r49YL8A1.jpg", "production_companies": [{"id": 15231, "logo_path": "/iFbzMtXFBv2ekA9Ldrw6LqjLrvX.png", "name": "Muse Productions", "origin_country": "US"}, {"id": 6455, "logo_path": null, "name": "Pressman Film", "origin_country": "US"}, {"id": 1632, "logo_path": "/cisLn1YAUuptXVBa0xjq7ST9cH0.png", "name": "Lionsgate", "origin_country": "US"}], "production_countries": [{"iso_3166_1": "CA", "name": "Canada"}, {"iso_3166_1": "US", "name": "United States of America"}], "release_date": "2000-04-13", "revenue": 34266564, "runtime": 102, "spoken_languages": [{"english_name": "English", "iso_639_1": "en", "name": "English"}, {"english_name": "Spanish", "iso_639_1": "es", "name": "Espa\u00f1ol"}, {"english_name": "Cantonese", "iso_639_1": "cn", "name": "\u5e7f\u5dde\u8bdd / \u5ee3\u5dde\u8a71"}], "status": "Released", "tagline": "I think my mask of sanity is about to slip.", "title": "American Psycho", "video": false, "vote_average": 7.395, "vote_count": 9336, "certification": "R"}, {"adult": false, "backdrop_path": "/awVyzo630F3p0M7WnW3nJt5sQIo.jpg", "belongs_to_collection": null, "budget": 3000000, "genres": [{"id": 35, "name": "Comedy"}, {"id": 18, "name": "Drama"}], "homepage": "", "id": 40562, "imdb_id": "tt0144142", "original_language": "en", "original_title": "Committed", "overview": "After her husband, Carl, suddenly leaves, Joline travels from New York to Texas to track him down. Although Joline tries to remain upbeat, she is discouraged when she discovers that Carl already has a new girlfriend, the lovely Carmen. Familiarizing herself with Carl's new home and friends, Joline gets company in the form of her brother, Jay. Will Joline win Carl back, or are there other romantic possibilities on her horizon?", "popularity": 7.032, "poster_path": "/10vXic9IMUTW5FrB1ivmieM2ydY.jpg", "production_companies": [{"id": 14, "logo_path": "/m6AHu84oZQxvq7n1rsvMNJIAsMu.png", "name": "Miramax", "origin_country": "US"}], "production_countries": [{"iso_3166_1": "US", "name": "United States of America"}], "release_date": "2000-04-18", "revenue": 0, "runtime": 98, "spoken_languages": [{"english_name": "Spanish", "iso_639_1": "es", "name": "Espa\u00f1ol"}, {"english_name": "English", "iso_639_1": "en", "name": "English"}], "status": "Released", "tagline": "She'll get what she wants... no matter what it takes!", "title": "Committed", "video": false, "vote_average": 4.6, "vote_count": 45, "certification": "R"}, {"adult": false, "backdrop_path": "/dpUlNuior0blwTBknptqQMBLoXh.jpg", "belongs_to_collection": {"id": 86028, "name": "The Nutty Professor Collection", "poster_path": "/a6zC38ID7EyAflo8tsPDP4IE0Mt.jpg", "backdrop_path": "/mW1NQFOSCwwgk03SpcpwiQEL2Lo.jpg"}, "budget": 84000000, "genres": [{"id": 14, "name": "Fantasy"}, {"id": 35, "name": "Comedy"}, {"id": 10749, "name": "Romance"}, {"id": 878, "name": "Science Fiction"}], "homepage": "", "id": 12107, "imdb_id": "tt0144528", "original_language": "en", "original_title": "Nutty Professor II: The Klumps", "overview": "The hilarity begins when professor Sherman Klump finds romance with fellow DNA specialist, Denise Gaines, and discovers a brilliant formula that reverses aging. But Sherman's thin and obnoxious alter ego, Buddy Love, wants out...and a big piece of the action. And when Buddy gets loose, things get seriously nutty.", "popularity": 15.823, "poster_path": "/v8gI95Eio7kAjixyqYHxNKmJTmm.jpg", "production_companies": [{"id": 33, "logo_path": "/8lvHyhjr8oUKOOy2dKXoALWKdp0.png", "name": "Universal Pictures", "origin_country": "US"}, {"id": 23, "logo_path": "/bJOFo2ufq7iFC1F4qZm8aLxF5aS.png", "name": "Imagine Entertainment", "origin_country": "US"}], "production_countries": [{"iso_3166_1": "US", "name": "United States of America"}], "release_date": "2000-07-27", "revenue": 123307945, "runtime": 106, "spoken_languages": [{"english_name": "English", "iso_639_1": "en", "name": "English"}], "status": "Released", "tagline": "The Klumps are back!", "title": "Nutty Professor II: The Klumps", "video": false, "vote_average": 4.978, "vote_count": 1151, "certification": "PG-13"}, {"adult": false, "backdrop_path": null, "belongs_to_collection": null, "budget": 0, "genres": [], "homepage": "", "id": 505624, "imdb_id": "tt0144574", "original_language": "en", "original_title": "Red Lipstick", "overview": "Incorporating the manic approach of The Monkees and the camp aesthetic of the 60s Batman TV series, this heist movie in drag is a laugh-riot from wigs to stilettos. Starring, Hedda Lettuce and Miss Understood as a pair of none-too-glam dragqueens, down on their luck and living the low life in New York City circa 1992. A not particularly bright scheme to reinvent themselves as Bonnie and Bunny, bank robbers in daring frocks, rockets them to fame and finally gives them enough cash to hire a posh, Eastern European, interior decorator, specializing in rococo. But all is not feather boas and sequins. The envy of Brenda, bitchy Morticia Adams clone, and Violet, a whip-wielding dominatrix, scheme to ruin the party.", "popularity": 0.621, "poster_path": "/1UjfsByckiv0jjey1PXcc6UjSEt.jpg", "production_companies": [], "production_countries": [], "release_date": "2000-02-16", "revenue": 0, "runtime": 90, "spoken_languages": [], "status": "Released", "tagline": "", "title": "Red Lipstick", "video": false, "vote_average": 1.0, "vote_count": 1, "certification": ""}, {"adult": false, "backdrop_path": "/ny2gWIJvztcRfh2RDStKZd5TTNj.jpg", "belongs_to_collection": null, "budget": 0, "genres": [{"id": 14, "name": "Fantasy"}, {"id": 878, "name": "Science Fiction"}, {"id": 10751, "name": "Family"}, {"id": 16, "name": "Animation"}], "homepage": "", "id": 123187, "imdb_id": "tt0144608", "original_language": "en", "original_title": "Sinbad: Beyond the Veil of Mists", "overview": "The sailor is \"persuaded\" by a princess to help her rescue her kingdom from something fishy.", "popularity": 2.853, "poster_path": "/96LV2xGPI9fVPT1cmCGGq5SWspr.jpg", "production_companies": [{"id": 140032, "logo_path": null, "name": "Archer Entertainment Group", "origin_country": ""}, {"id": 140033, "logo_path": null, "name": "Improvision Corporation", "origin_country": ""}], "production_countries": [{"iso_3166_1": "IN", "name": "India"}, {"iso_3166_1": "US", "name": "United States of America"}], "release_date": "2000-03-24", "revenue": 0, "runtime": 85, "spoken_languages": [{"english_name": "English", "iso_639_1": "en", "name": "English"}], "status": "Released", "tagline": "", "title": "Sinbad: Beyond the Veil of Mists", "video": false, "vote_average": 4.6, "vote_count": 21, "certification": "PG"}, {"adult": false, "backdrop_path": "/mmND1cbAilqScI0l5DhoEEQ0h17.jpg", "belongs_to_collection": {"id": 8050, "name": "Highlander Collection", "poster_path": "/izlRVWl7oPWtTWjQcI0QtvlE194.jpg", "backdrop_path": "/4f9kGJeKQTWjK0aAVootsdinDju.jpg"}, "budget": 25000000, "genres": [{"id": 28, "name": "Action"}, {"id": 14, "name": "Fantasy"}], "homepage": "", "id": 12211, "imdb_id": "tt0144964", "original_language": "en", "original_title": "Highlander: Endgame", "overview": "Immortals Connor and Duncan Macleod join forces against a man from Connor's distant past in the highlands of Scotland, Kell, an immensely powerful immortal who leads an army of equally powerful and deadly immortal swordsmen and assassins. No immortal alive has been able to defeat Kell yet, and neither Connor nor Duncan are skilled enough themselves to take him on and live. The two of them eventually come to one inevitable conclusion; one of them must die so that the combined power of both the Highlanders can bring down Kell for good. There can be only one... the question is, who will it be?", "popularity": 14.085, "poster_path": "/pFgdn4kwtgLjd73lXFtif7G2GWs.jpg", "production_companies": [{"id": 2737, "logo_path": null, "name": "Davis-Panzer Productions", "origin_country": ""}, {"id": 7405, "logo_path": "/rfnws0uY8rsNAsrLbx3gEIcYXx3.png", "name": "Dimension Films", "origin_country": "US"}], "production_countries": [{"iso_3166_1": "LU", "name": "Luxembourg"}, {"iso_3166_1": "GB", "name": "United Kingdom"}, {"iso_3166_1": "US", "name": "United States of America"}], "release_date": "2000-09-01", "revenue": 15843608, "runtime": 87, "spoken_languages": [{"english_name": "English", "iso_639_1": "en", "name": "English"}, {"english_name": "French", "iso_639_1": "fr", "name": "Fran\u00e7ais"}, {"english_name": "Gaelic", "iso_639_1": "gd", "name": ""}, {"english_name": "Italian", "iso_639_1": "it", "name": "Italiano"}], "status": "Released", "tagline": "It will take two immortals to defeat the ultimate evil. But in the end, there can be only one.", "title": "Highlander: Endgame", "video": false, "vote_average": 4.8, "vote_count": 344, "certification": "R"}, {"adult": false, "backdrop_path": "/pR3v192B20nFtsHY1jZQS4AkN0a.jpg", "belongs_to_collection": null, "budget": 80000000, "genres": [{"id": 18, "name": "Drama"}, {"id": 36, "name": "History"}, {"id": 53, "name": "Thriller"}, {"id": 10752, "name": "War"}], "homepage": "", "id": 11973, "imdb_id": "tt0146309", "original_language": "en", "original_title": "Thirteen Days", "overview": "The story of the Cuban Missile Crisis in 1962\u2014the nuclear standoff with the USSR sparked by the discovery by the Americans of missile bases established on the Soviet-allied island of Cuba.", "popularity": 11.57, "poster_path": "/aLx9UXH9fK2v6NDMvMyW4X88K3u.jpg", "production_companies": [{"id": 12, "logo_path": "/5ThIuO93vsk47oexKTSdfKEr7EC.png", "name": "New Line Cinema", "origin_country": "US"}, {"id": 919, "logo_path": null, "name": "Beacon Communications", "origin_country": ""}, {"id": 10157, "logo_path": null, "name": "Beacon Pictures", "origin_country": ""}, {"id": 335, "logo_path": null, "name": "Tig Productions", "origin_country": "US"}, {"id": 5892, "logo_path": "/AlfRSqTMw9RIHR2RIzy4pkcaXnY.png", "name": "Buena Vista International", "origin_country": "US"}, {"id": 915, "logo_path": "/4neXXpjSJDZPBGBnfWtqysB5htV.png", "name": "Hollywood Pictures", "origin_country": "US"}], "production_countries": [{"iso_3166_1": "US", "name": "United States of America"}], "release_date": "2000-12-25", "revenue": 34566746, "runtime": 145, "spoken_languages": [{"english_name": "English", "iso_639_1": "en", "name": "English"}, {"english_name": "Russian", "iso_639_1": "ru", "name": "P\u0443\u0441\u0441\u043a\u0438\u0439"}], "status": "Released", "tagline": "You'll never believe how close we came", "title": "Thirteen Days", "video": false, "vote_average": 7.007, "vote_count": 630, "certification": "PG-13"}, {"adult": false, "backdrop_path": "/1pjOrzAqlQPifZkRi5h1zlO1VJ2.jpg", "belongs_to_collection": null, "budget": 30000000, "genres": [{"id": 18, "name": "Drama"}, {"id": 35, "name": "Comedy"}, {"id": 10749, "name": "Romance"}, {"id": 10402, "name": "Music"}], "homepage": "", "id": 243, "imdb_id": "tt0146882", "original_language": "en", "original_title": "High Fidelity", "overview": "When record store owner and compulsive list-compiler Rob Gordon gets dumped by his long-time girlfriend, Laura, because he hasn't changed since they met, he revisits his top five breakups of all time in order to figure out what went wrong. As he examines his failed attempts at romance and happiness, the process finds him being dragged, kicking and screaming, into adulthood.", "popularity": 13.722, "poster_path": "/1zgaz1cGdWkNQAriflzlJXf95m7.jpg", "production_companies": [{"id": 32, "logo_path": null, "name": "Buena Vista Pictures", "origin_country": ""}, {"id": 9195, "logo_path": "/ou5BUbtulr6tIt699q6xJiEQTR9.png", "name": "Touchstone Pictures", "origin_country": "US"}, {"id": 10163, "logo_path": "/16KWBMmfPX0aJzDExDrPxSLj0Pg.png", "name": "Working Title Films", "origin_country": "GB"}, {"id": 17422, "logo_path": null, "name": "Dogstar Films", "origin_country": "US"}, {"id": 12886, "logo_path": null, "name": "New Crime Productions", "origin_country": ""}], "production_countries": [{"iso_3166_1": "GB", "name": "United Kingdom"}, {"iso_3166_1": "US", "name": "United States of America"}], "release_date": "2000-03-17", "revenue": 47126295, "runtime": 113, "spoken_languages": [{"english_name": "Danish", "iso_639_1": "da", "name": "Dansk"}, {"english_name": "English", "iso_639_1": "en", "name": "English"}], "status": "Released", "tagline": "A comedy about fear of commitment, hating your job, falling in love and other pop favorites.", "title": "High Fidelity", "video": false, "vote_average": 7.141, "vote_count": 1703, "certification": "R"}, {"adult": false, "backdrop_path": "/bwS2YrIMJp7yAb8RhuLkNVMLeyY.jpg", "belongs_to_collection": null, "budget": 80000000, "genres": [{"id": 18, "name": "Drama"}, {"id": 14, "name": "Fantasy"}], "homepage": "", "id": 4958, "imdb_id": "tt0146984", "original_language": "en", "original_title": "The Legend of Bagger Vance", "overview": "World War I has left golfer Rannulph Junuh a poker-playing alcoholic, his perfect swing gone. Now, however, he needs to get it back to play in a tournament to save the financially ravaged golf course of a long-ago sweetheart. Help arrives in the form of mysterious caddy Bagger Vance.", "popularity": 11.656, "poster_path": "/7jKjh9PZvHJYYtCycQmTbBoZVV4.jpg", "production_companies": [{"id": 316, "logo_path": null, "name": "Wildwood Enterprises", "origin_country": "US"}, {"id": 1755, "logo_path": null, "name": "Allied Filmmakers", "origin_country": "GB"}, {"id": 1171, "logo_path": null, "name": "Epsilon Motion Pictures", "origin_country": "CH"}, {"id": 25, "logo_path": "/qZCc1lty5FzX30aOCVRBLzaVmcp.png", "name": "20th Century Fox", "origin_country": "US"}, {"id": 7, "logo_path": "/vru2SssLX3FPhnKZGtYw00pVIS9.png", "name": "DreamWorks Pictures", "origin_country": "US"}], "production_countries": [{"iso_3166_1": "US", "name": "United States of America"}], "release_date": "2000-11-02", "revenue": 39459427, "runtime": 126, "spoken_languages": [{"english_name": "English", "iso_639_1": "en", "name": "English"}, {"english_name": "Spanish", "iso_639_1": "es", "name": "Espa\u00f1ol"}], "status": "Released", "tagline": "It Was Just A Moment Ago.", "title": "The Legend of Bagger Vance", "video": false, "vote_average": 6.537, "vote_count": 784, "certification": "PG-13"}, {"adult": false, "backdrop_path": null, "belongs_to_collection": null, "budget": 0, "genres": [], "homepage": "", "id": 294549, "imdb_id": "tt0147486", "original_language": "en", "original_title": "Shafted", "overview": "Steven Byzinsky is convinced he's a blaxploitation superhero. Like Shaft, Dolemite and Black Belt Jones before him, he's keeping' the streets safe for the brother and trying to stay one step ahead of The Man. There's only one problem: Steven's white.", "popularity": 0.6, "poster_path": "/6yLIu1BrXoYaSm55i2Offy9uVZx.jpg", "production_companies": [], "production_countries": [], "release_date": "2000-01-01", "revenue": 0, "runtime": 90, "spoken_languages": [], "status": "Released", "tagline": "", "title": "Shafted", "video": false, "vote_average": 0.0, "vote_count": 0, "certification": ""}, {"adult": false, "backdrop_path": "/2OF9jSTvVfGpIDs8cZkQ3BXlNtv.jpg", "belongs_to_collection": null, "budget": 0, "genres": [], "homepage": "", "id": 174412, "imdb_id": "tt0148421", "original_language": "en", "original_title": "Looking for an Echo", "overview": "The lead singer of an oldies group reminisces about the good ol' days and a potential comeback.", "popularity": 0.929, "poster_path": "/2f8C53CUtHbWUvQ9PzbNU7bEXSs.jpg", "production_companies": [], "production_countries": [], "release_date": "2000-11-10", "revenue": 0, "runtime": 97, "spoken_languages": [{"english_name": "English", "iso_639_1": "en", "name": "English"}], "status": "Released", "tagline": "", "title": "Looking for an Echo", "video": false, "vote_average": 0.0, "vote_count": 0, "certification": ""}, {"adult": false, "backdrop_path": "/zWRw7OI0oWnQMjlKM43U3xcXzvN.jpg", "belongs_to_collection": null, "budget": 0, "genres": [{"id": 35, "name": "Comedy"}, {"id": 80, "name": "Crime"}, {"id": 18, "name": "Drama"}], "homepage": "", "id": 31776, "imdb_id": "tt0149367", "original_language": "en", "original_title": "Where the Money Is", "overview": "Henry Manning has come up with a new way to break out of prison: fake a stroke and get transferred to a nursing home. It's a perfect plan, except for one thing: the woman assigned to take care of him at the nursing home, Carol Ann McKay, has a plan of her own.", "popularity": 4.53, "poster_path": "/qBPe2Y1A3bVMUXUw8nc7LRwt5MB.jpg", "production_companies": [{"id": 1645, "logo_path": "/6Ry6uNBaa0IbbSs1XYIgX5DkA9r.png", "name": "Scott Free Productions", "origin_country": "GB"}, {"id": 37, "logo_path": "/24D25UH5SyteudhPXW6Oy0Qfj1q.png", "name": "Gramercy Pictures", "origin_country": "US"}, {"id": 763, "logo_path": null, "name": "Intermedia Films", "origin_country": "GB"}, {"id": 23861, "logo_path": null, "name": "IMF Internationale Medien und Film GmbH & Co. 2. Produktions KG", "origin_country": ""}, {"id": 10926, "logo_path": null, "name": "Pacifica Film", "origin_country": ""}, {"id": 1382, "logo_path": "/sOg7LGESPH5vCTOIdbMhLuypoLL.png", "name": "PolyGram Filmed Entertainment", "origin_country": "US"}], "production_countries": [{"iso_3166_1": "CA", "name": "Canada"}, {"iso_3166_1": "DE", "name": "Germany"}, {"iso_3166_1": "US", "name": "United States of America"}, {"iso_3166_1": "GB", "name": "United Kingdom"}], "release_date": "2000-04-14", "revenue": 0, "runtime": 89, "spoken_languages": [{"english_name": "English", "iso_639_1": "en", "name": "English"}], "status": "Released", "tagline": "They make their money the old-fashioned way. They steal it.", "title": "Where the Money Is", "video": false, "vote_average": 6.009, "vote_count": 54, "certification": "PG-13"}, {"adult": false, "backdrop_path": "/7U6WJ0qri2sACtcGa0wEpM9eAM1.jpg", "belongs_to_collection": null, "budget": 57000000, "genres": [{"id": 18, "name": "Drama"}, {"id": 10749, "name": "Romance"}, {"id": 37, "name": "Western"}], "homepage": "http://alltheprettyhorses.com/", "id": 21355, "imdb_id": "tt0149624", "original_language": "en", "original_title": "All the Pretty Horses", "overview": "The year is 1949. A young Texan named John Grady finds himself without a home after his mother sells the ranch where he has spent his entire life. Lured south of the border by the romance of cowboy life and the promise of a fresh start, Cole and his pal embark on an adventure that will test their resilience, define their maturity, and change their lives forever.", "popularity": 9.479, "poster_path": "/6E4E7wYXw1DE2321F2hVNryLSk7.jpg", "production_companies": [{"id": 14, "logo_path": "/m6AHu84oZQxvq7n1rsvMNJIAsMu.png", "name": "Miramax", "origin_country": "US"}, {"id": 5, "logo_path": "/71BqEFAF4V3qjjMPCpLuyJFB9A.png", "name": "Columbia Pictures", "origin_country": "US"}], "production_countries": [{"iso_3166_1": "US", "name": "United States of America"}], "release_date": "2000-12-11", "revenue": 0, "runtime": 117, "spoken_languages": [{"english_name": "English", "iso_639_1": "en", "name": "English"}, {"english_name": "Spanish", "iso_639_1": "es", "name": "Espa\u00f1ol"}], "status": "Released", "tagline": "Some passions can never be tamed.", "title": "All the Pretty Horses", "video": false, "vote_average": 5.831, "vote_count": 188, "certification": "PG-13"}, {"adult": false, "backdrop_path": "/moKRFO2pjDfMjEYDiS2QBqItWEL.jpg", "belongs_to_collection": null, "budget": 6900000, "genres": [{"id": 10749, "name": "Romance"}, {"id": 18, "name": "Drama"}], "homepage": "", "id": 131940, "imdb_id": "tt0151150", "original_language": "hi", "original_title": "\u091c\u094b\u0936", "overview": "Two gangs fight for control of the streets: the Scorpions, led by Prakash and the Eagles, fronted by Max. When Prakash's brother Rahul comes to visit, he meets and quickly falls in love with Shirley, not realizing she's the sister of his brother's rival, Max. Though Rahul tries to keep their relationship secret, it's only a matter of time before it brings the gang rivalry to a head.", "popularity": 6.128, "poster_path": "/epulB8WC1mGIEFJPZr50LVCKt6k.jpg", "production_companies": [{"id": 99664, "logo_path": null, "name": "United Seven Combines", "origin_country": ""}], "production_countries": [{"iso_3166_1": "IN", "name": "India"}], "release_date": "2000-06-09", "revenue": 15000000, "runtime": 157, "spoken_languages": [{"english_name": "English", "iso_639_1": "en", "name": "English"}, {"english_name": "Hindi", "iso_639_1": "hi", "name": "\u0939\u093f\u0928\u094d\u0926\u0940"}], "status": "Released", "tagline": "Full of life", "title": "Josh", "video": false, "vote_average": 5.849, "vote_count": 53}, {"adult": false, "backdrop_path": null, "belongs_to_collection": null, "budget": 0, "genres": [], "homepage": "", "id": 312806, "imdb_id": "tt0151309", "original_language": "en", "original_title": "Laughing Boy", "overview": "Is having fun and saying what you really think politically incorrect? Or is it impossible to do both? Cody McKenzie thinks nobody has parties anymore. Maybe they do, but he just isn't invited to any. However, tonight, Cody and his wife Judy are going to a very special party. Elizabeth Sheridan, star of Cody's fantasies, is giving it for the engagement of his best friend. Elizabeth also happens to be a very important player where Cody works. Judy sees the party as a chance for Cody to advance; he sees it as a chance to impress the woman of his dreams.", "popularity": 0.6, "poster_path": "/o2EGaMENEojZ1RCz0X9a2ue7lQI.jpg", "production_companies": [], "production_countries": [], "release_date": "2000-06-06", "revenue": 0, "runtime": 0, "spoken_languages": [], "status": "Released", "tagline": "", "title": "Laughing Boy", "video": false, "vote_average": 3.0, "vote_count": 1, "certification": ""}]